id,text
1,This product is absolutely GREAT and I love it!
2,Terrible experience. The worst service I have ever had.
3,The quality is okay and seems average for the price.
4,I am so happy with this purchase -- it is wonderful!
5,  Bad    quality   and    very   disappointing  overall.
6,The product works fine. Nothing special.
7,EXCELLENT craftsmanship and beautiful design!!!
8,Horrible customer support. They were rude and unhelpful.
9,It is a fair deal. Reasonable price for what you get.
10,I absolutely hate this. It broke after one day!
11,This product is absolutely GREAT and I love it!
12,Amazing experience from start to finish.
13,
14,The item is adequate for basic needs. Standard quality.
15,I enjoy using this every day. Best purchase ever!
16,Poor build quality. Very ugly design.
17,Normal performance. Does what it says.
18,What a fantastic and delightful surprise this was!
19,Miserable failure. Angry about wasting my money.
20,This product is absolutely GREAT and I love it!
21,An acceptable product with moderate features.
22,Brilliant innovation and superb attention to detail.
23,Awful taste. Disgusting texture. Would not recommend.
24,
25,Pleased with the outstanding results. Truly perfect!
